{
    "bias": -0.06329207553498957,
    "decisionThreshold": 0.5,
    "hyperparameters": {
        "epochs": 2000,
        "inputFeatures": 2,
        "learningRate": 0.0005
    },
    "model_type": "LogicRModel",
    "name": "last",
    "weights": [
        0.006509381533851921,
        0.004889613192235809
    ]
}