{
    "bias": -0.17377402548758844,
    "decisionThreshold": 0.5,
    "hyperparameters": {
        "epochs": 500,
        "inputFeatures": 2,
        "learningRate": 0.005
    },
    "model_type": "LogicRModel",
    "name": "final",
    "weights": [
        0.2839672279534806,
        -0.045509056076477386
    ]
}