Row,TrueLabel,Prediction
0,25.5,24.3886
1,22,22.0455
2,19.5,19.4204
3,16,17.0774
4,14.5,14.1703
5,11,12.1093
6,9,9.7662
7,7.5,7.42316
8,6,4.79807
9,3.5,3.30115
