{
    "bias": -0.03230100576423402,
    "decisionThreshold": 0.5,
    "hyperparameters": {
        "epochs": 5000,
        "inputFeatures": 2,
        "learningRate": 0.0001
    },
    "model_type": "LogicRModel",
    "name": "smallr",
    "weights": [
        0.006254747085291954,
        0.004682273881747492
    ]
}